1.0,51.99037607997897,1.0,51.972225308418274,0.018150771560698747,1,482.0
1.0,8.737961244767456,1.0,8.73008519411087,0.007876050656586885,1,483.0
1.0,32.276499027127535,1.0,32.266777753829956,0.009721273297578097,1,488.0
1.0,20.265727502704145,1.0,20.261728763580322,0.003998739123821258,1,487.0
1.0,26.360661310462177,1.0,26.351715624332428,0.00894568612974882,1,488.0
1.0,15.12163952139172,1.0,15.111114084720612,0.010525436671108007,1,481.0
1.0,23.13949050714606,1.0,23.129823803901672,0.009666703244388102,1,476.0
1.0,36.450028076988694,1.0,36.43520772457123,0.014820352417469025,1,492.0
1.0,21.834027979111106,1.0,21.829421818256378,0.004606160854727029,1,476.0
1.0,22.21198198410797,1.0,22.205011546611786,0.006970437496185302,1,495.0
1.0,36.750234456488016,1.0,36.73904836177826,0.011186094709753989,1,480.0
1.0,29.84401646987176,1.0,29.833348095417023,0.01066837445473671,1,468.0
1.0,28.93456748930454,1.0,28.924664855003357,0.009902634301185608,1,469.0
1.0,73.43278334745085,1.0,73.4084352850914,0.024348062359452246,1,476.0
1.0,25.75521154254815,1.0,25.74875056743622,0.006460975111931562,1,479.0
1.0,28.63032062521446,1.0,28.617650270462036,0.012670354752421379,1,485.0
1.0,25.286219929131537,1.0,25.274214148521423,0.012005780610114335,1,480.0
1.0,16.054029912258862,1.0,16.049467027187347,0.004562885071516037,1,488.0
1.0,31.333454557163655,1.0,31.32306933403015,0.01038522313350439,1,490.0
1.0,18.37400778199351,1.0,18.370114266872406,0.0038935151211023328,1,488.0
1.0,45.82320435252923,1.0,45.803748071193695,0.019456281335532663,1,478.0
1.0,37.355670023324194,1.0,37.337565422058105,0.0181046012660861,1,494.0
1.0,39.41652907636672,1.0,39.39719572663307,0.019333349733650685,1,474.0
1.0,24.299683780028015,1.0,24.291828274726868,0.0078555053011477,1,482.0
1.0,32.665336053922715,1.0,32.65329301357269,0.012043040350019931,1,478.0
1.0,23.34180783387554,1.0,23.33402931690216,0.007778516973376274,1,477.0
1.0,41.48798006971612,1.0,41.47595465183258,0.012025417883545159,1,371.0
1.0,28.554334936524214,1.0,28.536710143089294,0.017624793434917924,1,473.0
1.0,42.102957660868825,1.0,42.08909198641777,0.013865674451053142,1,480.0
1.0,16.466699112058134,1.0,16.46057367324829,0.006125438809841871,1,489.0
1.0,17.668543182180912,1.0,17.662256956100464,0.006286226080447435,1,492.0
1.0,36.279161019136964,1.0,36.26866489648819,0.010496122648775577,1,491.0
1.0,25.74740209132904,1.0,25.735795497894287,0.011606593434751034,1,495.0
2.0,38.19341220586854,2.0,38.1676509976387,0.0257612082298398,0,479.0
1.0,33.433576557260125,1.0,33.425188064575195,0.008388492684930563,1,479.0
1.0,47.588296089553566,1.0,47.57001847028732,0.018277619266241787,1,481.0
1.0,25.98665762608671,1.0,25.9797602891922,0.006897336894512177,1,473.0
1.0,32.10055930504623,1.0,32.085688412189484,0.014870892856746911,1,478.0
1.0,29.04094208737141,1.0,29.02991473674774,0.01102735062366724,1,484.0
1.0,25.85605120959306,1.0,25.84623098373413,0.009820225858926772,1,488.0
1.0,35.94053619987777,1.0,35.92980355024338,0.01073264963439107,1,483.0
1.0,25.24977700729552,1.0,25.23861676454544,0.01116024275007844,1,458.0
1.0,25.702120710747568,1.0,25.693166255950928,0.008954454796642065,1,493.0
1.0,30.805652016548155,1.0,30.792005360126495,0.013646656421661376,1,475.0
1.0,14.337894460733025,1.0,14.331990480422974,0.005903980310052633,1,480.0
1.0,15.314274041740477,1.0,15.30468463897705,0.009589402763426303,1,489.0
1.0,41.56433345291465,1.0,41.547149419784546,0.01718403313010931,1,472.0
1.0,29.332193557556717,1.0,29.325556755065918,0.006636802490800619,1,483.0
1.0,43.030837729020774,1.0,43.01400035619736,0.016837372823417185,1,490.0
1.0,49.47269575177947,1.0,49.460434913635254,0.01226083814421296,1,410.0
1.0,27.771219283819796,1.0,27.75949537754059,0.011723906279206275,1,489.0
1.0,26.50940945552644,1.0,26.49507075548172,0.014338700044721365,1,492.0
1.0,42.31389508682773,1.0,42.29680001735687,0.01709506947085261,1,479.0
1.0,50.4092365394642,1.0,50.39530545473099,0.013931084733217953,1,497.0
1.0,40.73179260022918,1.0,40.71342945098877,0.018363149240404365,1,392.0
1.0,23.921672846488537,1.0,23.918451368808746,0.003221477679789066,1,493.0
1.0,30.071643580384315,1.0,30.057857930660248,0.013785649724066257,1,483.0
1.0,24.266975557415723,1.0,24.259677529335022,0.007298028080701828,1,475.0
1.0,12.531675244892627,1.0,12.525361776351929,0.00631346854069829,1,491.0
1.0,44.17291367917034,1.0,44.156406819820404,0.016506859349936245,1,468.0
1.0,35.26901568428203,1.0,35.25397628545761,0.015039398824423551,1,487.0
1.0,44.74684056195158,1.0,44.73412111401558,0.012719447935998439,1,492.0
1.0,22.201116151754647,1.0,22.192610800266266,0.008505351488381625,1,473.0
1.0,37.92437385085359,1.0,37.91516348719597,0.00921036365762353,1,464.0
1.0,35.49502222409576,1.0,35.481007397174835,0.01401482692092657,1,358.0
1.0,27.52244849874395,1.0,27.506768703460693,0.015679795283257962,1,448.0
1.0,26.27992645438966,1.0,26.269492506980896,0.010433947408765553,1,474.0
1.0,8.009809561774969,1.0,8.004386723041534,0.005422838733434677,1,491.0
1.0,50.23118264882901,1.0,50.21703243255615,0.014150216272860765,1,480.0
1.0,40.454230240415754,1.0,40.446587651968,0.007642588447749614,1,496.0
1.0,30.59457037386227,1.0,30.583173036575317,0.011397337286949158,1,481.0
1.0,32.459417016894875,1.0,32.44030773639679,0.019109280498087404,1,475.0
1.0,32.407403430561125,1.0,32.39129036664963,0.016113063911497593,1,478.0
1.0,24.970229646149157,1.0,24.961504340171814,0.008725305977344512,1,488.0
1.0,14.82362757357192,1.0,14.817599952220917,0.006027621351003647,1,489.0
1.0,34.14432281889561,1.0,34.13161486387253,0.01270795502308011,1,493.0
1.0,12.535385954588325,1.0,12.534722685813904,0.000663268774420023,1,491.0
1.0,17.434206287543446,1.0,17.42461770772934,0.009588579814106225,1,467.0
1.0,11.654519213575483,1.0,11.647626757621765,0.0068924559537172315,1,487.0
1.0,21.624812059516312,1.0,21.6237410902977,0.0010709692186117172,1,489.0
1.0,32.31344765089261,1.0,32.30539262294769,0.008055027944922447,1,491.0
1.0,27.441357274724187,1.0,27.438265085220337,0.0030921895038485527,1,493.0
1.0,43.55232827590263,1.0,43.532442301511765,0.019885974390864373,1,484.0
1.0,32.8555141896947,1.0,32.84049332141876,0.015020868275940418,1,484.0
1.0,43.164855472325144,1.0,43.14783364534378,0.01702182698136568,1,468.0
1.0,19.67673689362836,1.0,19.667905569076538,0.008831324551820754,1,480.0
1.0,23.425228557373078,1.0,23.415112495422363,0.010116061950713396,1,488.0
1.0,28.19238276708606,1.0,28.17915380001068,0.013228967075377702,1,472.0
1.0,38.75089328336197,1.0,38.735226541757584,0.01566674160438776,1,495.0
1.0,48.58550957744605,1.0,48.561376333236694,0.024133244209349154,1,476.0
1.0,27.75437805442509,1.0,27.7385875582695,0.01579049615558982,1,467.0
1.0,17.32886589599818,1.0,17.31807589530945,0.01079000068873167,1,482.0
1.0,32.99266561805609,1.0,32.98773765563965,0.004927962416440248,1,497.0
1.0,31.834723500137507,1.0,31.816917657852173,0.017805842285335063,1,470.0
1.0,28.36148452125618,1.0,28.351128101348877,0.010356419907301663,1,483.0
1.0,22.63244850360054,1.0,22.618791460990906,0.013657042609632014,1,467.0
1.0,31.11510618349871,1.0,31.104514002799988,0.0105921806987226,1,480.0
1.0,17.057893380608885,1.0,17.05108880996704,0.006804570641845464,1,486.0
1.0,14.89612368693912,1.0,14.891347289085388,0.004776397853732109,1,478.0
1.0,23.717335433598638,1.0,23.709136247634888,0.008199185963749885,1,487.0
1.0,49.19390885626769,1.0,49.17363524436951,0.020273611898183823,1,468.0
1.0,14.699023062083661,1.0,14.695398509502411,0.0036245525812506675,1,482.0
1.0,32.13157297452679,1.0,32.12157189846039,0.01000107606640458,1,480.0
1.0,40.97992456976056,1.0,40.96726477146149,0.012659798299074172,1,490.0
1.0,28.341037182700813,1.0,28.327837586402893,0.013199596297919749,1,371.0
1.0,23.893386207493602,1.0,23.88352006673813,0.009866140755474567,1,480.0
1.0,45.61019942941892,1.0,45.594026148319244,0.016173281099677084,1,491.0
1.0,34.1731789531441,1.0,34.16381478309631,0.009364170047789812,1,469.0
1.0,35.87962551927441,1.0,35.86113452911377,0.018490990160644052,1,469.0
1.0,14.766590929013192,1.0,14.763320982456207,0.003269946556985378,1,484.0
1.0,34.007852440696745,1.0,33.99631977081299,0.01153266988375783,1,475.0
1.0,25.377419303305654,1.0,25.366759300231934,0.010660003073722123,1,492.0
1.0,49.81698714150694,1.0,49.80150908231735,0.01547805918958783,1,496.0
1.0,24.275823041913657,1.0,24.26592707633972,0.0098959655739367,1,487.0
1.0,34.66230814839426,1.0,34.652647376060486,0.00966077233377099,1,473.0
1.0,32.84464400514886,1.0,32.83134698867798,0.013297016470879316,1,484.0
1.0,29.230255140947342,1.0,29.219886660575867,0.01036848037147522,1,483.0
1.0,33.48135855375496,1.0,33.46939533948898,0.011963214265972376,1,479.0
1.0,36.235580039939435,1.0,36.21641993522644,0.019160104712992905,1,480.0
1.0,35.871241838702026,1.0,35.85733473300934,0.01390710569268465,1,483.0
1.0,27.080338699857563,1.0,27.0709365606308,0.009402139226764441,1,370.0
1.0,44.2124140642972,1.0,44.196825474500656,0.015588589796543121,1,481.0
1.0,39.73148511004153,1.0,39.71141204237938,0.02007306766214967,1,465.0
1.0,27.92998902418399,1.0,27.914509177207947,0.015479846976041793,1,488.0
1.0,30.575379660725623,1.0,30.568993091583252,0.006386569142371416,1,486.0
1.0,31.80139756301269,1.0,31.79401159286499,0.007385970147699117,1,478.0
1.0,29.16392129836935,1.0,29.154253005981445,0.009668292387902736,1,486.0
1.0,23.216718280319153,1.0,23.200906813144684,0.015811467174470423,1,473.0
1.0,27.775006242016584,1.0,27.763022482395172,0.011983759621411561,1,429.0
1.0,26.239896949206024,1.0,26.229509711265564,0.010387237940460443,1,491.0
1.0,25.952813418316303,1.0,25.947019457817078,0.005793960499227047,1,491.0
1.0,29.58747678755587,1.0,29.571345448493958,0.016131339061915873,1,470.0
1.0,20.571530613864333,1.0,20.565904676914215,0.005625936950117349,1,481.0
1.0,25.32342824068111,1.0,25.313428044319153,0.01000019636195898,1,468.0
1.0,25.766199016978383,1.0,25.752604007720947,0.013595009257435798,1,488.0
1.0,33.59315917922789,1.0,33.579227328300476,0.013931850927412509,1,493.0
1.0,17.329274193649145,1.0,17.324624955654144,0.004649237994998693,1,491.0
1.0,30.097022163859517,1.0,30.091094970703125,0.005927193156391382,1,482.0
1.0,37.428794567596405,1.0,37.411290407180786,0.01750416041561961,1,481.0
1.0,26.316847917499363,1.0,26.30356103181839,0.01328688568097353,1,482.0
1.0,35.97507995478276,1.0,35.9622448682785,0.012835086504250763,1,485.0
1.0,26.947266831812055,1.0,26.936571300029755,0.01069553178229928,1,409.0
1.0,16.382340059229463,1.0,16.37900322675705,0.0033368324724137783,1,491.0
1.0,37.80337381383446,1.0,37.794359028339386,0.009014785495072604,1,488.0
1.0,23.79210743550509,1.0,23.781126737594604,0.010980697910487652,1,477.0
1.0,45.154113152365206,1.0,45.14257460832596,0.01153854403924942,1,482.0
1.0,39.27862040881908,1.0,39.25287276506424,0.025747643754839896,1,382.0
1.0,32.56678486954567,1.0,32.55510628223419,0.011678587311476469,1,494.0
1.0,39.198091210554686,1.0,39.18466195464134,0.013429255913347005,1,481.0
1.0,31.145772146579148,1.0,31.135743856430054,0.010028290149092674,1,483.0
1.0,25.39203746637991,1.0,25.37984848022461,0.012188986155301331,1,492.0
1.0,39.757865341858775,1.0,39.74359855055809,0.014266791300684213,1,473.0
1.0,42.892521536860585,1.0,42.873336374759674,0.01918516210091114,1,468.0
1.0,19.421605274477095,1.0,19.41501796245575,0.0065873120213448995,1,472.0
1.0,23.652023938403786,1.0,23.633524775505066,0.01849916289871931,1,485.0
1.0,17.909956333444505,1.0,17.901545763015747,0.00841057042875886,1,482.0
1.0,55.0108813818925,1.0,54.99923676252365,0.011644619368851184,1,495.0
1.0,21.98444656493041,1.0,21.974551677703857,0.00989488722655177,1,489.0
1.0,28.818800412388594,1.0,28.807684779167175,0.011115633221417665,1,485.0
1.0,29.39831286778042,1.0,29.382285475730896,0.016027392049521208,1,490.0
1.0,25.99816834924236,1.0,25.98171830177307,0.01645004746928811,1,464.0
1.0,42.15355693321395,1.0,42.136576026678085,0.016980906535863875,1,444.0
1.0,12.947231956173956,1.0,12.936875224113464,0.010356732060492039,1,481.0
1.0,28.307369748052597,1.0,28.299888968467712,0.007480779584884643,1,471.0
1.0,23.645167616502793,1.0,23.63472282886505,0.010444787637740373,1,479.0
1.0,21.44913793863207,1.0,21.443018317222595,0.0061196214094758035,1,485.0
1.0,35.7798358747516,1.0,35.77801287174225,0.0018230030093491078,1,489.0
1.0,14.685010490215122,1.0,14.67641294002533,0.008597550189793109,1,480.0
1.0,44.34300245323378,1.0,44.32758316397667,0.015419289257109165,1,495.0
1.0,36.84727917028356,1.0,36.83181703090668,0.015462139376878738,1,482.0
1.0,40.130682573468,1.0,40.117885172367096,0.012797401100903749,1,430.0
1.0,37.048277287501335,1.0,37.03821301460266,0.010064272898674011,1,491.0
1.0,29.821641511752993,1.0,29.80486750602722,0.016774005725771188,1,475.0
1.0,28.62430307397732,1.0,28.61195057630539,0.012352497671931981,1,488.0
1.0,18.674469035641224,1.0,18.66597980260849,0.008489233032733202,1,479.0
1.0,43.080141625505355,1.0,43.06146427989006,0.018677345615297554,1,485.0
1.0,27.283710949684888,1.0,27.273783087730408,0.00992786195448041,1,484.0
1.0,27.91900800202492,1.0,27.905532717704773,0.013475284320145844,1,349.0
1.0,20.161734920322836,1.0,20.15174925327301,0.009985667049825191,1,490.0
1.0,23.845296357923775,1.0,23.829755187034607,0.015541170889168976,1,473.0
1.0,35.566514076759695,1.0,35.55392771959305,0.01258635716664791,1,494.0
1.0,38.19022470190108,1.0,38.175876438617706,0.014348263283371925,1,484.0
1.0,25.52595353274533,1.0,25.51727592945099,0.008677603294342756,1,484.0
1.0,26.01401871258268,1.0,26.001369953155518,0.012648759427160023,1,482.0
1.0,26.521105401982158,1.0,26.515808701515198,0.005296700466960669,1,477.0
1.0,24.807818138041675,1.0,24.79410320520401,0.01371493283766508,1,493.0
1.0,35.40605156853884,1.0,35.39990186691284,0.006149701626002788,1,481.0
1.0,15.234665767797143,1.0,15.226811170578003,0.007854597219139337,1,475.0
1.0,29.267886767343313,1.0,29.25424575805664,0.013641009286671876,1,494.0
1.0,13.634958746633739,1.0,13.628759980201721,0.0061987664320170876,1,492.0
1.0,30.47239783655402,1.0,30.45990765094757,0.012490185606449843,1,481.0
1.0,38.7836946203863,1.0,38.763389736413956,0.020304883972346782,1,481.0
1.0,35.42297352185571,1.0,35.39789468050003,0.02507884135568142,1,353.0
1.0,11.887630842388303,1.0,11.884219944477081,0.003410897911220789,1,482.0
1.0,32.85072864060429,1.0,32.843443751335144,0.007284889269143342,1,482.0
1.0,26.440029464272023,1.0,26.42856538295746,0.011464081314563751,1,473.0
1.0,32.35982282257885,1.0,32.34877288341522,0.01104993916362524,1,456.0
1.0,12.625740322402955,1.0,12.620902061462402,0.004838260940551758,1,481.0
1.0,22.917475829275904,1.0,22.91237711906433,0.005098710211575031,1,494.0
1.0,26.905621377097308,1.0,26.890388131141663,0.015233245955646037,1,474.0
1.0,25.7926181950016,1.0,25.781545042991638,0.011073152009963989,1,478.0
1.0,42.49302833174863,1.0,42.48639419674873,0.006634134999901056,1,494.0
1.0,10.013418606826663,1.0,10.009811818599701,0.0036067882269620894,1,488.0
1.0,32.374574523043336,1.0,32.36304670572281,0.011527817320525645,1,494.0
1.0,35.78484647475016,1.0,35.77507585287094,0.009770621879220008,1,493.0
1.0,15.303314711727888,1.0,15.295551717281342,0.007762994446545839,1,492.0
1.0,36.97800585077417,1.0,36.955927312374115,0.022078538400053978,1,481.0
1.0,38.21432999935025,1.0,38.199879974126816,0.014450025223433971,1,486.0
1.0,29.902331059898554,1.0,29.890166223049164,0.01216483684939146,1,483.0
1.0,24.300361040181727,1.0,24.289749562740326,0.010611477441400289,1,467.0
1.0,32.404256878685175,1.0,32.390257716178894,0.01399916250628233,1,474.0
1.0,19.10288804234502,1.0,19.090336561203003,0.012551481142014265,1,489.0
1.0,26.969546085318743,1.0,26.957640051841736,0.011906033477008342,1,486.0
1.0,51.99180547406504,1.0,51.97281092405319,0.018994550011843442,1,486.0
1.0,30.524170150776506,1.0,30.515724420547485,0.008445730229020119,1,482.0
1.0,24.53280314626938,1.0,24.52484965324402,0.00795349302536249,1,485.0
1.0,69.28269178766844,1.0,69.26700174808502,0.01569003958341479,1,496.0
1.0,37.522051812101125,1.0,37.50818744301796,0.013864369083166121,1,491.0
1.0,30.46776255750826,1.0,30.45572340488434,0.012039152623921632,1,490.0
1.0,20.40720361114797,1.0,20.397019386291504,0.010184224856466055,1,490.0
1.0,16.67324409545666,1.0,16.6672021150589,0.006041980397760867,1,381.0
1.0,22.193228952577442,1.0,22.184506058692932,0.008722893884509801,1,493.0
1.0,37.92248291126671,1.0,37.90804222226143,0.0144406890052855,1,486.0
1.0,37.737316146283476,1.0,37.71817982196808,0.01913632431539893,1,493.0
1.0,7.30078975238648,1.0,7.297620177268982,0.0031695751174986363,1,484.0
1.0,33.56133564272928,1.0,33.54916870594025,0.012166936789035796,1,487.0
1.0,24.383780591029467,1.0,24.37545955181122,0.008321039218246937,1,479.0
1.0,51.02094661107498,1.0,50.99949538707733,0.02145122399765253,1,482.0
1.0,32.16003192718521,1.0,32.14631974697113,0.013712180214077234,1,481.0
1.0,32.28312944013515,1.0,32.27293789386749,0.010191546267658471,1,492.0
1.0,31.768439837026776,1.0,31.75046145915985,0.017978377866923807,1,481.0
1.0,7.6955641996786,1.0,7.689441740512848,0.006122459165751934,1,486.0
1.0,14.98196057530892,1.0,14.973436295986176,0.008524279322743416,1,470.0
1.0,29.26952526819232,1.0,29.255224764347076,0.014300503845244646,1,474.0
1.0,26.942141037354737,1.0,26.937948167324066,0.004192870030671358,1,478.0
1.0,35.896470887316376,1.0,35.883817076683044,0.012653810633331536,1,494.0
1.0,41.96089044709534,1.0,41.954049468040466,0.006840979054868221,1,483.0
1.0,24.952950666382165,1.0,24.94046241044998,0.012488255932182073,1,487.0
1.0,23.35080274600613,1.0,23.344624042510986,0.006178703495144844,1,488.0
1.0,23.148775122670592,1.0,23.144356906414032,0.004418216256558895,1,477.0
1.0,33.56481475546956,1.0,33.55388939380646,0.010925361663103103,1,493.0
1.0,45.07334922294491,1.0,45.0556755065918,0.01767371635311842,1,487.0
1.0,29.587212739664825,1.0,29.580000042915344,0.007212696749478578,1,480.0
1.0,10.867532509200453,1.0,10.861797630786896,0.005734878413558006,1,489.0
1.0,22.603990339319765,1.0,22.589698433876038,0.01429190544372797,1,485.0
1.0,20.629931162673028,1.0,20.618784427642822,0.011146735030204058,1,480.0
1.0,32.50598475951347,1.0,32.496777176856995,0.009207582656472922,1,486.0
1.0,25.737536938842418,1.0,25.731097161769867,0.006439777072548866,1,489.0
1.0,23.38806173266375,1.0,23.380494117736816,0.007567614926934242,1,478.0
1.0,23.556461374648183,1.0,23.542790114879608,0.013671259768575429,1,487.0
1.0,49.81410145925727,1.0,49.796998500823975,0.017102958433300255,1,486.0
1.0,22.729544362415016,1.0,22.723035514354706,0.006508848060309887,1,494.0
1.0,25.53734645934987,1.0,25.527423620224,0.009922839125871658,1,466.0
1.0,39.82495301731282,1.0,39.81248885393143,0.012464163381397723,1,485.0
1.0,31.88598962274608,1.0,31.87248408794403,0.013505534802049397,1,484.0
1.0,34.75347147260115,1.0,34.739819169044495,0.013652303556650876,1,489.0
1.0,31.70653188710022,1.0,31.694966554641724,0.011565332458496093,1,485.0
1.0,50.2328884512262,1.0,50.210483372211456,0.022405079014748332,1,481.0
1.0,29.08323036906904,1.0,29.071086645126343,0.012143723942697048,1,492.0
1.0,28.16120664457053,1.0,28.156614303588867,0.0045923409816622735,1,468.0
1.0,29.550940406508655,1.0,29.538707435131073,0.012232971377581357,1,481.0
1.0,44.049990871421066,1.0,44.03492286801338,0.015068003407686948,1,491.0
1.0,6.620380834197432,1.0,6.614980101585388,0.005400732612043619,1,475.0
1.0,36.712971700476054,1.0,36.70535981655121,0.007611883924841881,1,495.0
1.0,33.954557298717944,1.0,33.94998013973236,0.004577158985584974,1,478.0
1.0,24.774965205237983,1.0,24.765121936798096,0.009843268439888954,1,490.0
1.0,42.123922109381795,1.0,42.1047605574131,0.019161551968693732,1,491.0
1.0,20.605770823820205,1.0,20.59566378593445,0.0101070378857553,1,425.0
1.0,43.313651053732755,1.0,43.2940810918808,0.01956996185195446,1,485.0
1.0,42.52041163352114,1.0,42.49536395072937,0.025047682791769502,1,477.0
1.0,37.14402276602337,1.0,37.124526500701904,0.019496265321463344,1,319.0
1.0,41.72292800002855,1.0,41.7124941945076,0.010433805520951748,1,496.0
1.0,23.543879580960958,1.0,23.539312183856964,0.004567397103995084,1,484.0
1.0,26.270768667191447,1.0,26.261763274669647,0.00900539252179861,1,490.0
1.0,13.538299211930394,1.0,13.534462451934814,0.0038367599955797193,1,488.0
1.0,36.94957602387333,1.0,36.93403601646423,0.015540007409095764,1,484.0
1.0,32.41664935053298,1.0,32.39984214305878,0.01680720747420192,1,493.0
1.0,30.243827904518604,1.0,30.232854187488556,0.01097371703004837,1,470.0
1.0,19.410367365529268,1.0,19.40496861934662,0.005398746182650327,1,461.0
1.0,38.24351729280263,1.0,38.230642676353455,0.012874616449177265,1,489.0
1.0,17.395862975166143,1.0,17.387428879737854,0.008434095428287982,1,490.0
1.0,51.98066686506602,1.0,51.96732580661774,0.013341058448284863,1,485.0
1.0,29.81104810675174,1.0,29.799310863018036,0.01173724373370409,1,486.0
1.0,3.7772075601008535,1.0,3.774610161781311,0.002597398319542408,1,481.0
1.0,30.04829603363207,1.0,30.043230950832367,0.005065082799702882,1,483.0
1.0,35.54496444963384,1.0,35.52917540073395,0.015789048899888993,1,465.0
1.0,46.74536680201012,1.0,46.722181141376495,0.0231856606336236,1,492.0
1.0,17.760542914631188,1.0,17.753782868385315,0.006760046245872974,1,484.0
1.0,17.058129323262452,1.0,17.046689987182617,0.011439336079835891,1,484.0
1.0,14.22958570774877,1.0,14.224670827388763,0.004914880360007286,1,484.0
1.0,24.156953282538325,1.0,24.144092202186584,0.012861080351740122,1,474.0
1.0,35.40729494039762,1.0,35.39462685585022,0.012668084547400474,1,489.0
1.0,31.941231026088655,1.0,31.92881941795349,0.012411608135163784,1,478.0
1.0,40.605607654083165,1.0,40.59031382203102,0.015293832052141427,1,496.0
1.0,25.006568770943314,1.0,24.996136128902435,0.010432642040878534,1,483.0
1.0,22.75798157727468,1.0,22.74835556745529,0.009626009819388388,1,473.0
1.0,28.15969633563033,1.0,28.142818808555603,0.016877527074724435,1,494.0
1.0,15.188822912565767,1.0,15.18046259880066,0.008360313765108585,1,474.0
1.0,49.240904955377104,1.0,49.22419488430023,0.016710071076869965,1,491.0
1.0,16.94159413299486,1.0,16.930697858333588,0.010896274661272763,1,467.0
1.0,41.466564052811655,1.0,41.455308347940445,0.011255704871207476,1,486.0
1.0,33.214533472429274,1.0,33.1945538520813,0.019979620347976682,1,483.0
1.0,24.925848563626854,1.0,24.90898221731186,0.01686634631499648,1,490.0
1.0,22.0733230699282,1.0,22.060002386569977,0.013320683358222245,1,480.0
1.0,28.421618064800562,1.0,28.40137481689453,0.020243247906029223,1,471.0
1.0,49.4392415069975,1.0,49.425673484802246,0.013568022195249795,1,425.0
1.0,20.497857872991204,1.0,20.487584173679352,0.010273699311852454,1,475.0
1.0,27.798830384331673,1.0,27.790921926498413,0.007908457833260298,1,485.0
1.0,20.735425765036464,1.0,20.72787880897522,0.00754695606124401,1,488.0
1.0,39.038082368667425,1.0,39.02413621544838,0.013946153219044207,1,471.0
1.0,30.37847755506748,1.0,30.370044708251953,0.008432846815526486,1,489.0
1.0,28.241877180213272,1.0,28.230196237564087,0.011680942649185656,1,488.0
1.0,24.75767366951245,1.0,24.7464582324028,0.01121543710964918,1,483.0
1.0,22.635577460022567,1.0,22.627222537994385,0.008354922028183937,1,483.0
1.0,6.786216354340285,1.0,6.785707175731659,0.0005091786086261272,1,485.0
1.0,47.17190864401513,1.0,47.158241271972656,0.01366737204247713,1,473.0
1.0,26.922418519192277,1.0,26.920053362846375,0.0023651563459038735,1,475.0
1.0,22.403250003834874,1.0,22.38941341638565,0.013836587449222802,1,470.0
1.0,27.282899219341843,1.0,27.271100878715515,0.011798340626329184,1,474.0
1.0,35.845403905752065,1.0,35.83458513021469,0.010818775537371634,1,492.0
1.0,31.26260033923474,1.0,31.253841519355774,0.008758819878965617,1,491.0
1.0,36.71472597963208,1.0,36.70237362384796,0.012352355784118176,1,477.0
1.0,19.516393210824578,1.0,19.504648447036743,0.011744763787835837,1,483.0
1.0,21.061511858549295,1.0,21.060986816883087,0.0005250416662096977,1,484.0
1.0,41.298477156722846,1.0,41.28706455230713,0.01141260441571474,1,491.0
1.0,15.25380313700223,1.0,15.242171287536621,0.011631849465608596,1,464.0
1.0,25.370924681804777,1.0,25.364506244659424,0.006418437145352363,1,480.0
1.0,43.14179924417019,1.0,43.12814623117447,0.013653012995719908,1,485.0
1.0,40.930869779748676,1.0,40.909597277641296,0.02127250210738182,1,475.0
1.0,24.862366640369057,1.0,24.85896348953247,0.0034031508365869522,1,487.0
1.0,18.738284643221856,1.0,18.730196356773376,0.008088286448478699,1,485.0
1.0,28.641070865738808,1.0,28.62597405910492,0.015096806633889674,1,480.0
1.0,25.38308111951837,1.0,25.372561812400818,0.010519307117551564,1,486.0
1.0,28.175888966070712,1.0,28.16767394542694,0.008215020643770695,1,494.0
1.0,20.265300720310808,1.0,20.256346464157104,0.008954256153702735,1,480.0
1.0,50.340914718063296,1.0,50.31599700450897,0.024917713554322717,1,471.0
1.0,20.167084600572647,1.0,20.163246989250183,0.0038376113224625587,1,420.0
1.0,14.734543919602572,1.0,14.72247987985611,0.012064039746463298,1,477.0
1.0,25.5260301534279,1.0,25.52037388086319,0.005656272564709186,1,483.0
1.0,21.107906969338625,1.0,21.097125113010406,0.010781856328219175,1,480.0
1.0,34.938835530856075,1.0,34.92834270000458,0.010492830851495265,1,478.0
1.0,17.880903438067556,1.0,17.86845624446869,0.012447193598866462,1,492.0
1.0,11.648387792440474,1.0,11.641542613506317,0.006845178934156895,1,486.0
1.0,31.330861089048504,1.0,31.319689750671387,0.01117133837711811,1,489.0
1.0,28.387561002570003,1.0,28.38045358657837,0.0071074159916341305,1,480.0
1.0,25.95861284972921,1.0,25.94677358865738,0.011839261071830988,1,483.0
1.0,25.124095364967378,1.0,25.113089382648468,0.011005982318907976,1,466.0
1.0,19.77950000997579,1.0,19.768497347831726,0.011002662144064902,1,490.0
1.0,48.0941826820091,1.0,48.075851798057556,0.018330883951544762,1,486.0
1.0,47.3682409473615,1.0,47.348012030124664,0.020228917236834763,1,483.0
1.0,36.13315868911019,1.0,36.12675815820694,0.006400530903249979,1,488.0
1.0,27.016141268340824,1.0,27.005262672901154,0.01087859543967247,1,478.0
1.0,42.77267524071279,1.0,42.7524670958519,0.020208144860893486,1,493.0
1.0,50.64244177993304,1.0,50.62209069728851,0.02035108264452219,1,490.0
1.0,25.78309484793329,1.0,25.766122341156006,0.01697250677728653,1,324.0
1.0,34.342219192826036,1.0,34.33137238025665,0.010846812569379806,1,482.0
1.0,19.506076627414377,1.0,19.50145661830902,0.004620009105354548,1,487.0
1.0,23.249473936507673,1.0,23.24211895465851,0.007354981849163771,1,493.0
1.0,28.430759171245395,1.0,28.416967391967773,0.0137917792776227,1,387.0
1.0,42.13970808620116,1.0,42.12445914745331,0.01524893874785304,1,477.0
1.0,16.390072841247438,1.0,16.389477252960205,0.0005955882872343063,1,493.0
1.0,39.30391669981158,1.0,39.291514456272125,0.012402243539452552,1,487.0
1.0,25.13680173022145,1.0,25.121498107910156,0.015303622311294078,1,444.0
1.0,29.26344189785987,1.0,29.252989590168,0.01045230769187212,1,488.0
1.0,33.70272855208743,1.0,33.69188457727432,0.010843974813103676,1,489.0
1.0,40.45272736349088,1.0,40.4408298432827,0.01189752020817995,1,487.0
1.0,26.01831800586143,1.0,26.0097473859787,0.00857061988273263,1,492.0
1.0,35.91896176187033,1.0,35.90594083070755,0.013020931162774562,1,480.0
1.0,39.752203794566604,1.0,39.73671421408653,0.015489580480068921,1,478.0
1.0,10.948782684838266,1.0,10.945875942707062,0.002906742131203413,1,477.0
1.0,35.855476083746225,1.0,35.84221601486206,0.013260068884164094,1,492.0
1.0,16.920659825198353,1.0,16.913969814777374,0.006690010420978069,1,475.0
1.0,17.988284798478038,1.0,17.975418269634247,0.012866528843790291,1,473.0
1.0,17.399910806039035,1.0,17.395761609077454,0.004149196961581707,1,468.0
1.0,44.98287755528471,1.0,44.96632665395737,0.016550901327341796,1,467.0
1.0,9.339089282195598,1.0,9.332773089408875,0.006316192786723375,1,491.0
1.0,28.95236348001164,1.0,28.940387070178986,0.011976409832656383,1,489.0
1.0,39.82972252227262,1.0,39.81793150305748,0.011791019215136766,1,494.0
1.0,35.63888405245352,1.0,35.62882840633392,0.010055646119594574,1,485.0
1.0,40.64810855232337,1.0,40.63291177153587,0.015196780787497758,1,484.0
1.0,31.99929227932626,1.0,31.98702335357666,0.012268925749599932,1,476.0
1.0,30.23567941429782,1.0,30.2240788936615,0.011600520636320114,1,474.0
1.0,41.72297331218916,1.0,41.71091392636299,0.012059385826170443,1,491.0
1.0,36.75118799411324,1.0,36.73463612794876,0.016551866164475678,1,479.0
1.0,25.776159043538957,1.0,25.760865211486816,0.015293832052141427,1,459.0
1.0,37.814461104275644,1.0,37.804996222257614,0.00946488201802969,1,485.0
1.0,44.84413613836026,1.0,44.82594430446625,0.018191833894014357,1,476.0
1.0,17.93694159224403,1.0,17.932382225990295,0.004559366253733634,1,479.0
1.0,13.363461986716032,1.0,13.360132277011871,0.00332970970416069,1,486.0
1.0,42.136763237591744,1.0,42.12300851941109,0.013754718180656432,1,451.0
1.0,19.07993394832173,1.0,19.06484216451645,0.015091783805280923,1,484.0
1.0,27.249022233027013,1.0,27.24769413471222,0.0013280983147919178,1,462.0
1.0,28.94462554533553,1.0,28.930261731147766,0.01436381418776512,1,468.0
1.0,13.272750680593967,1.0,13.267023861408234,0.005726819185733795,1,433.0
1.0,23.415224701948524,1.0,23.4039768576622,0.011247844286322594,1,462.0
1.0,26.74191313182506,1.0,26.733863353729248,0.008049778095811606,1,473.0
1.0,20.29798366124198,1.0,20.29016464948654,0.007819011755436658,1,494.0
1.0,43.596812518201354,1.0,43.58126297593117,0.015549542270183563,1,494.0
1.0,36.80174694783553,1.0,36.785025894641876,0.01672105319365859,1,488.0
1.0,41.43622726209378,1.0,41.42087772488594,0.015349537207841872,1,481.0
1.0,47.90347660578367,1.0,47.885897755622864,0.01757885016080737,1,428.0
1.0,43.60581837308741,1.0,43.5934916138649,0.012326759222507476,1,484.0
1.0,49.783642755670904,1.0,49.764494597911835,0.019148157759070396,1,488.0
1.0,24.869968635225742,1.0,24.858462810516357,0.011505824709385633,1,481.0
1.0,24.062922616070033,1.0,24.051444232463837,0.01147838360619545,1,483.0
1.0,19.668606056762993,1.0,19.661875069141388,0.0067309876216053955,1,484.0
1.0,24.228338808288903,1.0,24.21501874923706,0.013320059051841497,1,422.0
1.0,36.96376720900837,1.0,36.943915486335754,0.019851722672611476,1,487.0
1.0,75.33124607072386,1.0,75.31333565711975,0.017910413604110477,1,429.0
1.0,8.968154912457198,1.0,8.965909481048584,0.00224543140861392,1,483.0
1.0,17.238737623621763,1.0,17.232026159763336,0.006711463858425617,1,408.0
1.0,52.687947888015955,1.0,52.668946981430054,0.019000906585901974,1,484.0
1.0,30.652196186120182,1.0,30.641944706439972,0.01025147968021035,1,486.0
1.0,24.791826471812694,1.0,24.78000372648239,0.011822745330303907,1,489.0
1.0,20.229584720410525,1.0,20.222845673561096,0.006739046849429607,1,489.0
1.0,39.80750914800391,1.0,39.786189794540405,0.021319353463500737,1,470.0
1.0,19.71299024771172,1.0,19.70987319946289,0.003117048248827457,1,485.0
1.0,34.085457588630945,1.0,34.068962931632996,0.016494656997948883,1,478.0
1.0,20.29217643625605,1.0,20.282122492790222,0.010053943465828896,1,482.0
1.0,26.214012834828914,1.0,26.199442148208618,0.014570686620295047,1,466.0
1.0,17.665151127048283,1.0,17.663048207759857,0.0021029192884266376,1,484.0
1.0,31.278340901679755,1.0,31.26928210258484,0.009058799094915389,1,482.0
1.0,32.09580108469784,1.0,32.082317769527435,0.013483315170407295,1,481.0
1.0,23.528837799434065,1.0,23.51839542388916,0.010442375544905663,1,482.0
1.0,36.55751113475442,1.0,36.55068576335907,0.0068253713953495025,1,476.0
1.0,24.843530295282452,1.0,24.827760457992554,0.015769837289899585,1,480.0
1.0,10.369171477277636,1.0,10.367833077907562,0.001338399370074272,1,485.0
1.0,30.641264446851373,1.0,30.623504519462585,0.017759927388787268,1,487.0
1.0,17.84489916294265,1.0,17.837534844875336,0.00736431806731224,1,481.0
1.0,28.887935528807283,1.0,28.875459730625153,0.01247579818212986,1,482.0
1.0,39.56050424670536,1.0,39.547399431467056,0.013104815238296985,1,461.0
1.0,18.224231567545296,1.0,18.21371018886566,0.01052137867963314,1,485.0
1.0,18.771738084302157,1.0,18.76174807548523,0.009990008816927671,1,486.0
1.0,45.04101719007054,1.0,45.02447247505188,0.01654471501865983,1,485.0
1.0,47.59848604709199,1.0,47.58087694644928,0.017609100642710922,1,491.0
1.0,13.379223280877799,1.0,13.374575972557068,0.004647308320730925,1,490.0
1.0,38.717338142889055,1.0,38.69151771068573,0.025820432203322648,1,484.0
1.0,23.00974049618581,1.0,23.00153821706772,0.008202279118090867,1,485.0
1.0,48.7763020877271,1.0,48.76130372285843,0.014998364868670701,1,497.0
1.0,17.41221474260348,1.0,17.403562366962433,0.008652375641047955,1,474.0
1.0,13.263763695928544,1.0,13.251735270023346,0.012028425905197858,1,453.0
1.0,41.660594705514285,1.0,41.650886088609695,0.009708616904586553,1,493.0
1.0,27.141623694043638,1.0,27.14024931192398,0.0013743821196556092,1,475.0
1.0,35.67957477704778,1.0,35.667917132377625,0.011657644670158625,1,494.0
1.0,40.840446443249434,1.0,40.82440361380577,0.016042829443663358,1,480.0
1.0,24.50560872485256,1.0,24.49793815612793,0.007670568724632263,1,487.0
1.0,27.683125721434266,1.0,27.672851085662842,0.010274635771423579,1,492.0
1.0,23.015888319174916,1.0,23.005391657352448,0.010496661822468042,1,483.0
1.0,47.620172879679146,1.0,47.61001467704773,0.010158202631413937,1,482.0
1.0,39.48192520969609,1.0,39.471667259931564,0.010257949764519929,1,472.0
1.0,39.53286870090723,1.0,39.51576724648476,0.017101454422473905,1,476.0
1.0,27.591145709486664,1.0,27.583184838294983,0.007960871191680432,1,485.0
1.0,38.60471695172933,1.0,38.58826383948326,0.01645311224606633,1,477.0
1.0,47.13172439803904,1.0,47.11798131465912,0.013743083379924297,1,470.0
1.0,41.55890809040466,1.0,41.54449850320816,0.014409587196499108,1,492.0
1.0,6.770650716093451,1.0,6.764611601829529,0.006039114263921976,1,492.0
1.0,26.303082973874183,1.0,26.29466950893402,0.008413464940160513,1,491.0
1.0,42.93614237779355,1.0,42.91895851492882,0.01718386286473274,1,451.0
1.0,30.53515284013915,1.0,30.5212140083313,0.013938831807851791,1,491.0
1.0,41.994675445199135,1.0,41.971512883901596,0.023162561297535897,1,476.0
1.0,25.42488460518256,1.0,25.413693487644196,0.01119111753836274,1,486.0
1.0,31.15142441294411,1.0,31.14405870437622,0.007365708567887545,1,486.0
1.0,26.198575497320444,1.0,26.18829756975174,0.010277927568703889,1,484.0
1.0,37.832783975716026,1.0,37.82130181789398,0.011482157822042703,1,489.0
1.0,34.17266752569747,1.0,34.15766805410385,0.014999471593618393,1,469.0
1.0,24.17896266250962,1.0,24.17147308588028,0.0074895766293406486,1,488.0
1.0,29.41279126830554,1.0,29.403555393218994,0.009235875086545943,1,489.0
1.0,31.961265374331862,1.0,31.946155428886414,0.015109945445448159,1,480.0
1.0,34.1009789589743,1.0,34.088122844696045,0.012856114278256893,1,492.0
1.0,26.59172066933775,1.0,26.578938961029053,0.012781708308696746,1,492.0
1.0,25.025011649374335,1.0,25.013691186904907,0.011320462469428777,1,490.0
1.0,36.58193170374954,1.0,36.56263053417206,0.019301169577479363,1,483.0
1.0,48.17927210202298,1.0,48.16468209028244,0.014590011740535497,1,487.0
1.0,32.53634715832764,1.0,32.52946883440018,0.006878323927462101,1,484.0
1.0,29.180497391542165,1.0,29.17017638683319,0.010321004708975554,1,484.0
1.0,41.78574234443772,1.0,41.7727030813694,0.013039263068318367,1,393.0
1.0,21.3791251368978,1.0,21.371886134147644,0.007239002750158309,1,476.0
1.0,39.487619486296865,1.0,39.47400078177452,0.013618704522341488,1,491.0
1.0,32.269151423169404,1.0,32.25405067205429,0.015100751115113496,1,483.0
1.0,28.920318827678205,1.0,28.910842537879944,0.009476289798259735,1,481.0
1.0,34.69319182321316,1.0,34.67438220977783,0.018809613435328006,1,490.0
1.0,25.353149182534604,1.0,25.341680645942688,0.011468536591917275,1,468.0
1.0,29.116541910877764,1.0,29.10516858100891,0.011373329868853092,1,472.0
1.0,31.260005833054215,1.0,31.24922811985016,0.010777713204056023,1,487.0
1.0,43.31940187075493,1.0,43.296944350004196,0.02245752075073123,1,473.0
1.0,14.348688283739179,1.0,14.336979389190674,0.011708894548505544,1,466.0
1.0,28.884672210534273,1.0,28.87338548898697,0.011286721547305584,1,486.0
1.0,24.488815767255485,1.0,24.48156774044037,0.007248026815116405,1,472.0
1.0,43.1676504455055,1.0,43.15946102142334,0.008189424082159995,1,492.0
1.0,15.164004015112608,1.0,15.16043096780777,0.0035730473048388956,1,492.0
1.0,38.79743968755737,1.0,38.782428950071335,0.01501073748603463,1,486.0
1.0,27.93156616965267,1.0,27.915041148662567,0.016525020990103483,1,464.0
1.0,20.277036232256116,1.0,20.26834934949875,0.008686882757365703,1,479.0
1.0,40.827366803550184,1.0,40.809472650289536,0.01789415326064825,1,467.0
1.0,13.32994811257714,1.0,13.32288533449173,0.007062778085410595,1,484.0
1.0,29.66974639149204,1.0,29.65819090604782,0.01155548544421792,1,479.0
1.0,42.78165414295214,1.0,42.758363485336304,0.023290657615840434,1,480.0
1.0,12.05437236185974,1.0,12.051080167293549,0.0032921945661902427,1,487.0
1.0,8.654219067889839,1.0,8.650191128253937,0.004027939635902643,1,421.0
1.0,33.59942572043195,1.0,33.58761370182037,0.011812018611580133,1,481.0
1.0,28.01769936811003,1.0,28.004492819309235,0.01320654880079627,1,484.0
1.0,5.1670538752103745,1.0,5.165585875511169,0.0014679996992051601,1,486.0
1.0,10.602483971711486,1.0,10.597139596939087,0.005344374772399664,1,493.0
1.0,19.415124219270318,1.0,19.408388435840607,0.006735783429712057,1,493.0
1.0,31.98565728526917,1.0,31.96875751018524,0.0168997750839293,1,483.0
1.0,34.685663732952655,1.0,34.67780649662018,0.007857236332476139,1,493.0
1.0,35.5941857778858,1.0,35.57636886835098,0.01781690953481197,1,471.0
1.0,18.171960225096523,1.0,18.166476488113403,0.005483736983120441,1,479.0
1.0,24.447304321169764,1.0,24.435362219810486,0.011942101359277963,1,491.0
1.0,28.326953633807747,1.0,28.31781506538391,0.009138568423837423,1,489.0
1.0,25.529250087777704,1.0,25.523266196250916,0.005983891526788473,1,488.0
1.0,28.846096775488256,1.0,28.833134472370148,0.012962303118109702,1,477.0
1.0,28.086298645558507,1.0,28.070184588432312,0.016114057126194237,1,463.0
1.0,48.349478015365,1.0,48.32911938428879,0.020358631076216698,1,311.0
1.0,36.603143630381496,1.0,36.587776243686676,0.015367386694818734,1,487.0
1.0,19.650294053132622,1.0,19.63984966278076,0.010444390351861715,1,479.0
1.0,16.057827287133126,1.0,16.048331558704376,0.009495728428751229,1,483.0
1.0,27.360684040503234,1.0,27.35000252723694,0.010681513266295194,1,486.0
1.0,42.18587937087372,1.0,42.168695479631424,0.017183891242295503,1,485.0
1.0,50.15731925545323,1.0,50.143539905548096,0.013779349905133246,1,493.0
1.0,23.209730498615443,1.0,23.200231790542603,0.009498708072841167,1,477.0
1.0,24.77310699161434,1.0,24.7619166970253,0.011190294589042664,1,467.0
1.0,43.08157991020855,1.0,43.06723326444626,0.01434664576229453,1,490.0
1.0,24.29954263245046,1.0,24.290330708026886,0.0092119244235754,1,485.0
1.0,27.52207922638124,1.0,27.508950233459473,0.013128992921769618,1,480.0
1.0,45.002457800706026,1.0,44.98600959777832,0.016448202927708624,1,491.0
1.0,48.61314520848346,1.0,48.60070198774338,0.012443220740079879,1,485.0
1.0,37.90626407073596,1.0,37.89345100522041,0.01281306551554799,1,483.0
1.0,35.56581059610033,1.0,35.554786026477814,0.011024569622516632,1,487.0
1.0,48.259256254791886,1.0,48.241424560546875,0.017831694245010615,1,415.0
1.0,21.725261964551002,1.0,21.719227731227875,0.006034233323127031,1,492.0
1.0,20.875694929659367,1.0,20.867465436458588,0.00822949320077896,1,479.0
1.0,29.469578366818695,1.0,29.456068575382233,0.013509791436463595,1,461.0
1.0,17.64349631597838,1.0,17.636413872241974,0.007082443736404181,1,476.0
1.0,30.381350645963074,1.0,30.36906123161316,0.012289414349913597,1,473.0
1.0,28.691187280353336,1.0,28.67971658706665,0.011470693286687135,1,471.0
1.0,32.303702460111765,1.0,32.29376971721649,0.009932742895275353,1,468.0
1.0,49.85539719395855,1.0,49.84256029129028,0.012836902668267487,1,492.0
1.0,46.02925402955476,1.0,46.01466804742813,0.014585982126623391,1,473.0
1.0,50.52757137317517,1.0,50.51601827144623,0.01155310172894597,1,478.0
1.0,30.17255171817252,1.0,30.160421133041382,0.012130585131138563,1,485.0
1.0,28.69336746145132,1.0,28.67937684059143,0.013990620859891176,1,486.0
1.0,20.37464844314006,1.0,20.364654064178467,0.009994378961592913,1,475.0
1.0,8.780821427175402,1.0,8.781073987483978,-0.0002525603085756302,1,492.0
1.0,28.900654059243234,1.0,28.89072597026825,0.009928088974982499,1,478.0
1.0,35.735439029814664,1.0,35.72506606578827,0.010372964026391505,1,480.0
1.0,22.556332766401617,1.0,22.550319135189056,0.006013631212562322,1,494.0
1.0,32.02349700496307,1.0,32.01289772987366,0.010599275089412927,1,479.0
1.0,17.44720288751319,1.0,17.440304160118103,0.00689872739508748,1,487.0
1.0,15.458904890137196,1.0,15.452013909816742,0.006890980320453643,1,486.0
1.0,36.52210216686371,1.0,36.50324195623398,0.018860210629731415,1,476.0
1.0,29.72237670005408,1.0,29.709184169769287,0.013192530284792184,1,485.0
1.0,39.8154703379845,1.0,39.79920074343681,0.016269594547688962,1,495.0
1.0,19.420351283339887,1.0,19.410628080368042,0.009723202971845864,1,478.0
1.0,19.14688681812805,1.0,19.137445092201233,0.009441725926816464,1,468.0
1.0,25.735296853781612,1.0,25.724324584007263,0.010972269774347542,1,489.0
1.0,42.37026393343371,1.0,42.36436486244202,0.005899070991694927,1,414.0
1.0,23.52020947035417,1.0,23.508743941783905,0.011465528570264578,1,492.0
1.0,36.32452065935859,1.0,36.307311058044434,0.017209601314157247,1,395.0
1.0,24.281716894223184,1.0,24.26493465900421,0.01678223521897197,1,464.0
1.0,23.280708609300643,1.0,23.26785922050476,0.012849388795882462,1,449.0
1.0,14.821071087230564,1.0,14.814609289169312,0.00646179806125164,1,472.0
1.0,34.034394517291275,1.0,34.02027636766434,0.014118149626940487,1,489.0
1.0,29.376396030068843,1.0,29.358011484146118,0.01838454592272639,1,480.0
1.0,29.284434861138017,1.0,29.27323579788208,0.011199063255935907,1,488.0
1.0,18.01157051619896,1.0,17.994028329849243,0.01754218634971976,1,468.0
1.0,39.30450492431122,1.0,39.284397661685944,0.020107262625277043,1,480.0
1.0,21.48525975201133,1.0,21.47551327943802,0.009746472573310136,1,471.0
1.0,32.90879476284113,1.0,32.894253730773926,0.014541032067209482,1,491.0
1.0,23.04529240342623,1.0,23.037055134773254,0.008237268652975558,1,484.0
1.0,32.74999905536672,1.0,32.73391127586365,0.016087779503077267,1,485.0
1.0,46.85084924714282,1.0,46.82704657316208,0.023802673980742692,1,467.0
1.0,31.11397616827753,1.0,31.101317703723907,0.01265846455362439,1,485.0
1.0,28.90750324208638,1.0,28.89677882194519,0.01072442014119029,1,487.0
1.0,11.567902985119522,1.0,11.56032532453537,0.007577660584151744,1,482.0
1.0,25.149637846943826,1.0,25.144261121749878,0.005376725193947553,1,478.0
1.0,19.46703962260455,1.0,19.454115629196167,0.012923993408381938,1,471.0
1.0,27.25535243827462,1.0,27.241480350494385,0.013872087780237198,1,473.0
1.0,30.902915937260627,1.0,30.889973044395447,0.012942892865180968,1,486.0
1.0,22.995225167435645,1.0,22.986477613449097,0.008747553986549377,1,485.0
1.0,34.2655606300911,1.0,34.25510823726654,0.010452392824560404,1,494.0
1.0,43.70923006466967,1.0,43.68775114417076,0.021478920498907567,1,481.0
1.0,31.703986707449467,1.0,31.69110417366028,0.01288253378918767,1,495.0
1.0,30.24812386223641,1.0,30.236336588859558,0.011787273376852274,1,479.0
1.0,39.71200381362534,1.0,39.69390392303467,0.018099890590667723,1,475.0
1.0,12.72155534496051,1.0,12.716370820999146,0.005184523961365223,1,485.0
1.0,34.892503497296545,1.0,34.877362847328186,0.015140649968355893,1,486.0
1.0,21.17182138525009,1.0,21.163630485534668,0.008190899715423583,1,489.0
1.0,18.473146208604515,1.0,18.460017442703247,0.013128765901267528,1,481.0
1.0,35.42766863318458,1.0,35.40904372930527,0.01862490387931466,1,472.0
1.0,23.46512906507519,1.0,23.45699965953827,0.008129405536919833,1,492.0
1.0,23.384208615627646,1.0,23.375330865383148,0.008877750244498252,1,481.0
1.0,35.26955407297933,1.0,35.25848239660263,0.0110716763767004,1,479.0
1.0,15.548037654897481,1.0,15.538595616817474,0.009442038080006838,1,488.0
1.0,17.717040789692284,1.0,17.700567841529846,0.016472948162436486,1,489.0
1.0,18.916826200116635,1.0,18.90277862548828,0.014047574628353118,1,486.0
1.0,37.460168460163715,1.0,37.44623064994812,0.013937810215592384,1,491.0
1.0,25.398937856700034,1.0,25.39007216691971,0.008865689780324697,1,487.0
1.0,9.688217194350093,1.0,9.677691757678986,0.010525436671108007,1,477.0
1.0,13.37913080385536,1.0,13.377910852432251,0.0012199514231085776,1,490.0
1.0,16.383187243350477,1.0,16.377782821655273,0.005404421695202589,1,470.0
1.0,12.181913793425142,1.0,12.179169058799744,0.0027447346253991127,1,473.0
1.0,25.98277808474025,1.0,25.96975564956665,0.013022435173600912,1,468.0
1.0,25.90817510034454,1.0,25.900501012802124,0.007674087542414665,1,479.0
1.0,42.22841991303063,1.0,42.216040939092636,0.01237897393798828,1,480.0
1.0,25.611754012362034,1.0,25.605762004852295,0.005992007509738206,1,480.0
1.0,15.671687876604974,1.0,15.664489567279816,0.007198309325158595,1,489.0
1.0,28.078502971632272,1.0,28.071105480194092,0.007397491438180208,1,482.0
1.0,27.936226532498388,1.0,27.923744916915894,0.012481615582495928,1,477.0
1.0,33.200838982872305,1.0,33.18684697151184,0.01399201136046648,1,489.0
1.0,50.78880936423317,1.0,50.7748156785965,0.013993685636669397,1,486.0
1.0,35.40380270610565,1.0,35.386039316654205,0.017763389451444147,1,380.0
1.0,25.531360319069414,1.0,25.523793697357178,0.007566621712237596,1,387.0
1.0,17.440943950778692,1.0,17.436084151268005,0.004859799510687589,1,488.0
1.0,9.203325836670517,1.0,9.202104806900024,0.0012210297704935073,1,494.0
1.0,18.772309697809845,1.0,18.761050701141357,0.011258996668487786,1,479.0
1.0,42.161360711722374,1.0,42.142894864082336,0.018465847640037537,1,475.0
1.0,26.69963580560884,1.0,26.68752372264862,0.012112082960218191,1,487.0
1.0,18.327355269569516,1.0,18.314333260059357,0.013022009510159492,1,477.0
1.0,28.68279474624452,1.0,28.668728470802307,0.01406627544221282,1,492.0
1.0,21.577248703114538,1.0,21.56582772731781,0.011420975796729326,1,476.0
1.0,47.80414809204996,1.0,47.791680693626404,0.012467398423552512,1,488.0
1.0,17.40525406351465,1.0,17.39915907382965,0.006094989684998988,1,476.0
1.0,32.819702618786366,1.0,32.805074751377106,0.01462786740925908,1,480.0
1.0,24.20664329221949,1.0,24.197959899902344,0.008683392317146063,1,484.0
1.0,21.834317409348486,1.0,21.823851764202118,0.010465645146369934,1,485.0
1.0,41.06370662947241,1.0,41.04894697666168,0.01475965281072259,1,478.0
1.0,40.48767980888078,1.0,40.47030732035637,0.017372488524407148,1,471.0
1.0,32.555184109716535,1.0,32.545338571071625,0.009845538644909859,1,486.0
1.0,7.635653795275718,1.0,7.632109522819519,0.0035442724561989304,1,492.0
1.0,23.943683387384,1.0,23.93273413181305,0.010949255570948124,1,471.0
1.0,15.64162267015627,1.0,15.639245510101318,0.002377160054951906,1,490.0
1.0,31.82641266183293,1.0,31.814253330230713,0.012159331602215766,1,490.0
1.0,23.410039077503562,1.0,23.40221107006073,0.007828007442831993,1,482.0
1.0,38.59366681396258,1.0,38.58042731881142,0.013239495151162147,1,489.0
1.0,29.677048399481894,1.0,29.65650111436844,0.020547285113453863,1,464.0
1.0,21.634047689381898,1.0,21.63112610578537,0.002921583596527576,1,493.0
1.0,34.54304822736528,1.0,34.52765643596649,0.015391791398793458,1,475.0
1.0,25.21972536223218,1.0,25.212925672531128,0.00679968970105052,1,424.0
1.0,29.27051347821358,1.0,29.253950715065002,0.01656276314857602,1,473.0
1.0,34.85733986724109,1.0,34.843289852142334,0.01405001509875059,1,372.0
1.0,26.147101115784018,1.0,26.14094763994217,0.006153475841850042,1,474.0
1.0,38.22650504654583,1.0,38.2109597325325,0.015545314013332128,1,370.0
1.0,28.359335750569016,1.0,28.34627330303192,0.013062447537094355,1,349.0
1.0,34.09486693936175,1.0,34.086236357688904,0.008630581672847271,1,476.0
1.0,40.745681940470426,1.0,40.73182940483093,0.013852535639494656,1,482.0
1.0,24.00008943155256,1.0,23.987402021884918,0.012687409667640924,1,476.0
1.0,51.953694594876765,1.0,51.93508118391037,0.01861341096639633,1,466.0
1.0,22.29908757342425,1.0,22.294490039348602,0.004597534075647593,1,479.0
1.0,30.9220901427533,1.0,30.906638503074646,0.015451639678657054,1,494.0
1.0,17.67690133721623,1.0,17.667710781097412,0.009190556118816137,1,374.0
1.0,32.30926167095673,1.0,32.29012191295624,0.01913975800049305,1,466.0
1.0,15.871525530447006,1.0,15.871073305606842,0.0004522248401641846,1,474.0
1.0,13.326755174287856,1.0,13.326796889305115,-4.171501725912094e-05,1,491.0
1.0,32.787604682073294,1.0,32.777443528175354,0.010161153897941111,1,374.0
1.0,20.346774613019555,1.0,20.336195826530457,0.010578786489099264,1,468.0
1.0,19.539943064008416,1.0,19.534747302532196,0.0051957614762187,1,477.0
1.0,18.80399959807682,1.0,18.798986077308655,0.005013520768165588,1,482.0
1.0,28.120613632702558,1.0,28.107216954231262,0.013396678471297024,1,421.0
1.0,44.436691256290494,1.0,44.41656991839409,0.02012133789640665,1,471.0
1.0,48.55246902061746,1.0,48.54149669408798,0.010972326529473065,1,478.0
1.0,37.45415097354108,1.0,37.43891716003418,0.015233813506901263,1,480.0
1.0,29.032364856065126,1.0,29.02071475982666,0.011650096238464117,1,496.0
1.0,31.75222948251882,1.0,31.742562353610992,0.009667128907829522,1,491.0
1.0,27.169437944852053,1.0,27.16151475906372,0.007923185788333415,1,488.0
1.0,24.88071025244525,1.0,24.871189892292023,0.009520360153228043,1,464.0
1.0,35.987525235934825,1.0,35.96794009208679,0.01958514384803176,1,478.0
1.0,9.89258943812111,1.0,9.886059165000916,0.006530273120194673,1,493.0
1.0,45.840023789288345,1.0,45.82681953907013,0.013204250218212603,1,486.0
1.0,47.348414936758665,1.0,47.33393043279648,0.014484503962188958,1,483.0
1.0,34.57925731566453,1.0,34.564751386642456,0.014505929022073745,1,476.0
1.0,29.13522294388598,1.0,29.12241518497467,0.012807758911311626,1,479.0
1.0,40.627610362870485,1.0,40.61056450009346,0.017045862777024506,1,493.0
1.0,35.0751131654821,1.0,35.06239950656891,0.012713658913195133,1,482.0
1.0,18.792398575707495,1.0,18.78666579723358,0.00573277847391367,1,471.0
1.0,34.849870297803584,1.0,34.83883738517761,0.011032912625968457,1,494.0
1.0,38.16487713578683,1.0,38.14803510904312,0.01684202674371004,1,486.0
1.0,36.12899658574536,1.0,36.114563047885895,0.014433537859469651,1,478.0
1.0,24.711317368736772,1.0,24.69804435968399,0.01327300905278325,1,426.0
1.0,35.32361948827028,1.0,35.31104028224945,0.01257920602083206,1,478.0
1.0,29.529407050781877,1.0,29.520481824874878,0.008925225906997918,1,471.0
1.0,7.013415227135926,1.0,7.009251415729523,0.0041638114064037795,1,370.0
1.0,25.944505986552684,1.0,25.94055086374283,0.00395512280985713,1,480.0
1.0,32.227978869442644,1.0,32.20917731523514,0.018801554207503793,1,475.0
1.0,35.20106439655992,1.0,35.18606722354889,0.014997173011034726,1,480.0
1.0,27.147846262456177,1.0,27.133025228977203,0.014821033478975296,1,458.0
1.0,29.500783076540888,1.0,29.4895201921463,0.011262884394586085,1,470.0
1.0,26.17933334380731,1.0,26.17049217224121,0.008841171566098928,1,473.0
1.0,47.352155558810296,1.0,47.33834266662598,0.013812892184317112,1,483.0
1.0,39.42538539607412,1.0,39.41424340009689,0.011141995977222919,1,491.0
1.0,44.05311255214861,1.0,44.049373269081116,0.0037392830674946305,1,472.0
1.0,19.511571470757634,1.0,19.501367211341858,0.010204259415775538,1,470.0
1.0,35.276981964939445,1.0,35.256582498550415,0.020399466389030216,1,480.0
1.0,44.85954004807007,1.0,44.84047293663025,0.019067111439824102,1,351.0
1.0,30.65829578100583,1.0,30.647090077400208,0.011205703605622053,1,493.0
1.0,20.359636034492432,1.0,20.353813469409943,0.005822565082490444,1,495.0
1.0,30.1139485071294,1.0,30.096593499183655,0.01735500794574618,1,473.0
1.0,12.176374526460439,1.0,12.175239622592926,0.0011349038675129413,1,487.0
1.0,29.577990851029277,1.0,29.560209810733795,0.017781040295481682,1,461.0
1.0,16.301597251113684,1.0,16.296029090881348,0.005568160232335329,1,492.0
1.0,34.83342993787366,1.0,34.81789827346802,0.01553166440564394,1,477.0
1.0,39.615453822004675,1.0,39.59794566035271,0.017508161651968956,1,489.0
1.0,48.04780664547351,1.0,48.0335533618927,0.014253283580809831,1,486.0
1.0,19.714614686588735,1.0,19.70912218093872,0.005492505650013685,1,493.0
1.0,18.230118096917362,1.0,18.216808140277863,0.013309956639498471,1,477.0
1.0,36.814255437977344,1.0,36.79703772068024,0.017217717297106982,1,341.0
1.0,13.422234516114443,1.0,13.412618637084961,0.009615879029482603,1,489.0
1.0,47.36100388441077,1.0,47.3433181643486,0.01768572006216645,1,488.0
1.0,40.44521725992754,1.0,40.424998104572296,0.020219155355244874,1,485.0
1.0,36.65105093163648,1.0,36.638832092285156,0.012218839351326227,1,494.0
1.0,26.63332857997626,1.0,26.61440670490265,0.018921875073611736,1,323.0
1.0,22.81323172406572,1.0,22.804203629493713,0.009028094572007655,1,484.0
1.0,18.16549474468738,1.0,18.1598961353302,0.005598609357178211,1,477.0
1.0,42.04764662768531,1.0,42.038121074438095,0.009525553247213363,1,478.0
1.0,33.62992717849565,1.0,33.62085521221161,0.009071966284036635,1,483.0
1.0,31.544847466632604,1.0,31.52891993522644,0.01592753140616417,1,480.0
1.0,40.073534438319264,1.0,40.06406217813492,0.009472260184347629,1,489.0
1.0,25.832274974874945,1.0,25.82346796989441,0.008807004980534315,1,493.0
1.0,41.03041518162107,1.0,41.014015674591064,0.016399507030010224,1,480.0
1.0,28.381788221689074,1.0,28.370726108551025,0.01106211313804984,1,491.0
1.0,21.08139249250105,1.0,21.074116230010986,0.007276262490063906,1,485.0
1.0,49.706398218507765,1.0,49.69768971204758,0.008708506460189818,1,488.0
1.0,35.97727349041629,1.0,35.96774339675903,0.009530093657255172,1,492.0
1.0,39.60923803119653,1.0,39.59626704454422,0.012970986652314663,1,483.0
1.0,39.81287519312629,1.0,39.80342969298363,0.009445500142663717,1,367.0
1.0,39.86325879023215,1.0,39.844413846731186,0.018844943500965834,1,470.0
1.0,25.145467661519973,1.0,25.139643251895905,0.0058244096240699286,1,481.0
1.0,20.835109070068746,1.0,20.82476019859314,0.010348871475607157,1,480.0
1.0,22.149243741884767,1.0,22.14372754096985,0.005516200914919376,1,482.0
1.0,19.260959398875894,1.0,19.25535500049591,0.005604398379981518,1,461.0
1.0,11.49355306983331,1.0,11.488687992095947,0.004865077737361193,1,489.0
1.0,13.589586930219143,1.0,13.587082922458649,0.0025040077604949473,1,491.0
1.0,46.686583302977624,1.0,46.666163206100464,0.02042009687715769,1,485.0
1.0,39.65233172976929,1.0,39.637427777051926,0.014903952717363833,1,487.0
1.0,52.18832225394374,1.0,52.1684467792511,0.019875474692642687,1,468.0
1.0,48.510192185111016,1.0,48.49138855934143,0.01880362576958537,1,481.0
1.0,24.898051563949554,1.0,24.887488782405853,0.010562781543701886,1,491.0
1.0,25.74627212572828,1.0,25.73177218437195,0.01449994135633111,1,491.0
1.0,28.15127205279848,1.0,28.140056133270264,0.011215919528216123,1,491.0
1.0,24.370870489861428,1.0,24.364538490772247,0.006331999089181423,1,486.0
1.0,34.58537261932158,1.0,34.575945138931274,0.009427480390310288,1,477.0
1.0,24.677052140587985,1.0,24.670712649822235,0.006339490765750408,1,487.0
1.0,46.97039791892588,1.0,46.954455971717834,0.01594194720804691,1,481.0
1.0,16.430372009126245,1.0,16.424667835235596,0.005704173890650272,1,483.0
1.0,35.48691280819055,1.0,35.47898232936859,0.007930478821963072,1,494.0
1.0,18.81485833241138,1.0,18.805401027202606,0.00945730520877242,1,491.0
1.0,39.88052113208404,1.0,39.859624207019806,0.020896925064235926,1,477.0
1.0,20.230596203785478,1.0,20.222237706184387,0.008358497601091862,1,478.0
1.0,29.932160379270048,1.0,29.919227957725525,0.012932421544522047,1,485.0
1.0,47.765888024333684,1.0,47.74585962295532,0.02002840137836337,1,478.0
1.0,18.75840220961216,1.0,18.744876980781555,0.013525228830605744,1,468.0
1.0,49.10549988339668,1.0,49.09227043390274,0.013229449493944645,1,481.0
1.0,20.58994879615003,1.0,20.578819513320923,0.011129282829105854,1,469.0
1.0,41.59435065060961,1.0,41.5764145553112,0.01793609529840946,1,476.0
1.0,25.017035211815237,1.0,25.008004903793335,0.009030308021903037,1,473.0
1.0,23.84184103796932,1.0,23.833724856376648,0.008116181592673063,1,472.0
1.0,35.93975527365339,1.0,35.922521352767944,0.017233920885443687,1,478.0
1.0,18.841986846795976,1.0,18.83331835269928,0.008668494096696377,1,482.0
1.0,12.952543209543318,1.0,12.95194923877716,0.0005939707661569119,1,490.0
1.0,27.96441083006045,1.0,27.951282262802124,0.013128567258328198,1,474.0
1.0,42.01126374097932,1.0,42.00408160686493,0.007182134114384651,1,496.0
1.0,34.81391479346245,1.0,34.80146527290344,0.012449520559012888,1,326.0
1.0,18.578990179926066,1.0,18.56701970100403,0.01197047892203927,1,483.0
1.0,35.78776098659355,1.0,35.77375262975693,0.014008356836616992,1,472.0
1.0,20.783730141369702,1.0,20.772618055343628,0.011112086026072502,1,478.0
1.0,14.3111313703413,1.0,14.307627081871033,0.003504288470268249,1,488.0
1.0,35.74869056342265,1.0,35.736170411109924,0.012520152312725782,1,487.0
1.0,40.90432025396329,1.0,40.88398665189743,0.020333602065861225,1,481.0
1.0,39.570825885934916,1.0,39.563412219285965,0.007413666648954153,1,485.0
1.0,31.651704457107396,1.0,31.637200713157654,0.014503743949741124,1,472.0
1.0,12.940359740458012,1.0,12.931734323501587,0.008625416956424712,1,473.0
1.0,44.49419025982195,1.0,44.478846341371536,0.015343918450415134,1,483.0
1.0,30.62748117654449,1.0,30.61557412147522,0.01190705506926775,1,468.0
1.0,23.68029992449391,1.0,23.66911768913269,0.011182235361218451,1,489.0
1.0,27.08414971714273,1.0,27.07163393497467,0.01251578216806054,1,490.0
1.0,28.38313651812568,1.0,28.367744386196136,0.015392131929546594,1,396.0
1.0,15.55711612845549,1.0,15.55337905883789,0.0037370696175992486,1,494.0
1.0,27.774710198737623,1.0,27.759240567684174,0.015469631053447723,1,486.0
1.0,20.623393340312123,1.0,20.618708431720734,0.004684908591389656,1,487.0
1.0,43.80514375674504,1.0,43.7825046479702,0.022639108774840832,1,464.0
1.0,43.20470122270456,1.0,43.18467378616333,0.020027436541229484,1,478.0
1.0,21.61040465523097,1.0,21.59986048936844,0.01054416586253047,1,477.0
1.0,38.90889649594191,1.0,38.89732137322426,0.011575122717648744,1,480.0
1.0,25.631757402294873,1.0,25.621524453163147,0.010232949131727218,1,481.0
1.0,43.395259362560836,1.0,43.379100412130356,0.016158950430482624,1,475.0
1.0,24.670263247436583,1.0,24.668334424495697,0.0019288229408860205,1,478.0
1.0,21.790370197192757,1.0,21.771718561649323,0.01865163554343581,1,476.0
1.0,31.752421161413164,1.0,31.742575764656067,0.009845396757096052,1,474.0
1.0,36.874465998894365,1.0,36.86569333076477,0.008772668129593134,1,374.0
1.0,34.522076955955626,1.0,34.51099097728729,0.0110859786683321,1,478.0
1.0,43.74257834941158,1.0,43.72597262263298,0.01660572677859664,1,471.0
